Site,File,Skew,Is1D
"Kimberley, South Africa",SAMTEX.kim420.2004.edi,0.02847044882726374,True
"Botswana, Africa",SAMTEX.mof112.2005.edi,0.028825154151291686,True
"Botswana, Africa",SAMTEX.bot407.2005.edi,0.029291711857858917,True
"Kimberley, South Africa",SAMTEX.kim423.2004.edi,0.02947406445694705,True
"Kimberley, South Africa",SAMTEX.kim429.2004.edi,0.03259513906276064,True
"Kimberley, South Africa",SAMTEX.kim314.2003-2006.edi,0.033218478479391675,True
"Kimberley, South Africa",SAMTEX.kim430.2004.edi,0.033334951148450156,True
"Kalahari Game Reserve, Botswana, Africa",SAMTEX.kal019.2008.edi,0.03369804441092959,True
"Botswana, Africa",SAMTEX.mof107.2005.edi,0.03494826322031007,True
"Kimberley, South Africa",SAMTEX.kim432.2004.edi,0.03526955224721738,True
"Kimberley, South Africa",SAMTEX.kim428.2004.edi,0.03539931759164598,True
"Kimberley, South Africa",SAMTEX.kim413.2004.edi,0.03615372980700378,True
"Hardap Region, Namibia, Africa",SAMTEX.GIB006A.2008.edi,0.03920052139982914,True
"Central Botswana, Africa",SAMTEX.san008.2008.edi,0.039268917122698296,True
"Central Botswana, Africa",SAMTEX.san006.2008.edi,0.039313372005272886,True
"Botswana, Africa",SAMTEX.bot420.2005.edi,0.04034749127281589,True
"Namibia, Africa",SAMTEX.dmb035.2006.edi,0.04148007659489066,True
"Kimberley, South Africa",SAMTEX.kim011.2003-2006.edi,0.042534732434094814,True
"Kimberley, South Africa",SAMTEX.kim426.2004.edi,0.04302375521911589,True
"Kang to Ghazi, Botswana, Africa",SAMTEX.k2g008.2006.edi,0.043029753453956585,True
"Central Botswana, Africa",SAMTEX.san002.2008.edi,0.0436892061913234,True
"Kimberley, South Africa",SAMTEX.kim431.2004.edi,0.04420592423291266,True
"Tshane, Botswana, Africa",SAMTEX.rtz416.2005.edi,0.044768562103274206,True
"Kimberley, South Africa",SAMTEX.kim425.2004.edi,0.045285151540725786,True
"Orapa, Botswana, Africa",SAMTEX.sso107.2005.edi,0.04592627928870336,True
"Botswana, Africa",SAMTEX.bot227.2005.edi,0.046709725860243835,True
"Central Botswana, Africa",SAMTEX.san007.2008.edi,0.04718139503093468,True
"Namibia, Africa",SAMTEX.dmb033.2006.edi,0.04776993774685064,True
"Kimberley, South Africa",SAMTEX.kim427.2004.edi,0.04812429672097553,True
"NE Namibia, Africa",SAMTEX.CPV001.2006.edi,0.04813802682301899,True
"Central Botswana, Africa",SAMTEX.san003.2008.edi,0.04818919809994435,True
"Botswana, Africa",SAMTEX.mof108.2005.edi,0.04870667769809969,True
"Kimberley, South Africa",SAMTEX.kim419.2004.edi,0.050505661613138644,True
"Kang to Ghazi, Botswana, Africa",SAMTEX.k2g011.2006.edi,0.05322060376261286,True
"Kalahari Game Reserve, Botswana, Africa",SAMTEX.kal022.2008.edi,0.053444229113480554,True
"Botswana, Africa",SAMTEX.mof114.2005.edi,0.05541345086195039,True
"Orapa, Botswana, Africa",SAMTEX.sso108.2005.edi,0.055628316756398434,True
"Kalahari Game Reserve, Botswana, Africa",SAMTEX.kal021.2008.edi,0.05704552128963543,True
"Kalahari Game Reserve, Botswana, Africa",SAMTEX.kal016.2008.edi,0.05711310192673403,True
"Botswana, Africa",SAMTEX.mof111.2005.edi,0.05739396360958979,True
"Kang to Ghazi, Botswana, Africa",SAMTEX.k2g009.2006.edi,0.057586969335127615,True
"Namibia, Africa",SAMTEX.dmb031.2006.edi,0.05783397168039425,True
"Tshane, Botswana, Africa",SAMTEX.rtz407.2005.edi,0.05942939008017599,True
"Botswana, Africa",SAMTEX.bot231.2005.edi,0.05982093571142939,True
"Tshane, Botswana, Africa",SAMTEX.rtz414.2005.edi,0.06002764698655234,True
"Kimberley, South Africa",SAMTEX.kim424.2004.edi,0.060309990983979024,True
"Kweneng, Botswana, Africa",SAMTEX.mol105.2005.edi,0.06036458224206622,True
"Tshane, Botswana, Africa",SAMTEX.rtz419.2005.edi,0.06054671966404462,True
"Kalahari Game Reserve, Botswana, Africa",SAMTEX.kal012.2008.edi,0.06221994275224424,True
"Botswana, Africa",SAMTEX.mof109.2005.edi,0.06246200258148874,True
"Kasane, Zimbabwe, Africa",SAMTEX.ELZ294A.2008.edi,0.06263496221953549,True
"Botswana, Africa",SAMTEX.mof101.2005.edi,0.06310537622037891,True
"Botswana, Africa",SAMTEX.bot228.2005.edi,0.06364656513484565,True
"Tshane, Botswana, Africa",SAMTEX.rtz401.2005.edi,0.06489474189417249,True
"Coffiefontain, South Africa",SAMTEX.kof009.2004.edi,0.06491528136972421,True
"Makgadikgadi Park, Botswana, Africa",SAMTEX.mak006.2006.edi,0.06528927293772785,True
"Central Botswana, Africa",SAMTEX.san009.2008.edi,0.06585998078076971,True
"Kalahari Game Reserve, Botswana, Africa",SAMTEX.kal023.2008.edi,0.06592216445351241,True
"Hardap Region, Namibia, Africa",SAMTEX.GIB010A.2008.edi,0.06626523912808009,True
"Kalahari Game Reserve, Botswana, Africa",SAMTEX.kal009.2008.edi,0.06639797480172988,True
"Kalahari Game Reserve, Botswana, Africa",SAMTEX.kal018.2008.edi,0.06645060737493581,True
"Tshane, Botswana, Africa",SAMTEX.rtz413.2005.edi,0.06727844454205528,True
"Northern Namibia, Africa",SAMTEX.RAK022A.2008.edi,0.0675895977428576,True
"Kimberley, South Africa",SAMTEX.kim412.2004.edi,0.06801238091099915,True
"Kasane, Zimbabwe, Africa",SAMTEX.ELZ192A.2008.edi,0.06930942075257543,True
"Botswana, Africa",SAMTEX.mof119.2005.edi,0.06935294056093876,True
"Kalahari Game Reserve, Botswana, Africa",SAMTEX.kal024.2008.edi,0.07115740062380893,True
"Botswana, Africa",SAMTEX.bot226.2005.edi,0.07332879572708575,True
"Zimbabwe, Africa",SAMTEX.zim104.2005.edi,0.07341955881405207,True
"Namibia, Africa",SAMTEX.dmb001.2006.edi,0.07363275224488113,True
"Zimbabwe, Africa",SAMTEX.zim101.2005.edi,0.07370793642437441,True
"Botswana, Africa",SAMTEX.mof113.2005.edi,0.07479126781065162,True
"Orapa, Botswana, Africa",SAMTEX.sso106.2005.edi,0.07568081701964825,True
"Central Botswana, Africa",SAMTEX.san011.2008.edi,0.07603397677126571,True
"Tshane, Botswana, Africa",SAMTEX.rtz415.2005.edi,0.07675567867708252,True
"Botswana, Africa",SAMTEX.bot414.2005.edi,0.07682947322117421,True
South Africa,SAMTEX.kap009.2003.edi,0.07749416609828158,True
"Kimberley, South Africa",SAMTEX.kim422.2004.edi,0.07788548044496396,True
"Tshane, Botswana, Africa",SAMTEX.rtz417.2005.edi,0.07797923261341126,True
"Orapa, Botswana, Africa",SAMTEX.sso109.2005.edi,0.07835809693589839,True
"Central Botswana, Africa",SAMTEX.san010.2008.edi,0.07850013327317151,True
"Makgadikgadi Park, Botswana, Africa",SAMTEX.mak009.2006.edi,0.0785404569044738,True
"Namibia, Africa",SAMTEX.dmb030.2006.edi,0.07873511974036997,True
"Botswana, Africa",SAMTEX.bot230.2005.edi,0.07898093310722816,True
"Okavango Lake, Botswana, Africa",SAMTEX.oka003.2006.edi,0.08003040625198296,True
"Kang to Ghazi, Botswana, Africa",SAMTEX.k2g010.2006.edi,0.08045238424501577,True
"Northern Namibia, Africa",SAMTEX.RAK025A.2008.edi,0.08062139023045556,True
"NE Namibia, Africa",SAMTEX.NEN021.2006.edi,0.08227529654801355,True
"Botswana, Africa",SAMTEX.bot413.2005.edi,0.08350837533950528,True
"Botswana, Africa",SAMTEX.mof110.2005.edi,0.08376232161944101,True
"Kalahari Game Reserve, Botswana, Africa",SAMTEX.kal017.2008.edi,0.08380931554760533,True
"Tshane, Botswana, Africa",SAMTEX.rtz420.2005.edi,0.08382006836745187,True
"Northern Namibia, Africa",SAMTEX.RAK024A.2008.edi,0.08405069596395295,True
"Tshane, Botswana, Africa",SAMTEX.rtz403.2005.edi,0.08600884558548849,True
"Kweneng, Botswana, Africa",SAMTEX.mol102.2005.edi,0.08651169110484436,True
"Okavango Lake, Botswana, Africa",SAMTEX.oka002.2006.edi,0.08757956842887224,True
"Northern Namibia, Africa",SAMTEX.RAK054A.2008.edi,0.08759946040765049,True
"Smithfield, South Africa",SAMTEX.KXT005A_auto.tru.2008.edi,0.0883228964370274,True
"Barotse Basin, Western Province, Zambia",PRIDE.ZAM14B_RH_ZAM15B.2011-2012.edi,0.08850209868550671,True
"Zimbabwe, Africa",SAMTEX.zim120.2005.edi,0.08920995622601001,True
South Africa,SAMTEX.kap006.2003.edi,0.08986447204760817,True
"NE Namibia, Africa",SAMTEX.CPV002.2006.edi,0.08993405728364634,True
"Botswana, Africa",SAMTEX.bot410.2005.edi,0.08999017885741255,True
"Coffiefontain, South Africa",SAMTEX.kof008.2004.edi,0.09017967568429822,True
"Coffiefontain, South Africa",SAMTEX.kof006.2004.edi,0.09118165834601442,True
"Coffiefontain, South Africa",SAMTEX.kof007.2004.edi,0.09180523962440597,True
"Weiveld, South Africa",SAMTEX.wita42.2005.edi,0.09194340928978888,True
"Tshane, Botswana, Africa",SAMTEX.rtz424.2005.edi,0.0921117093019792,True
"Namibia, Africa",SAMTEX.dmb102A.2006.edi,0.09240429981515728,True
"Kimberley, South Africa",SAMTEX.kim020.2003-2006.edi,0.09254686972488313,True
"Kang to Ghazi, Botswana, Africa",SAMTEX.k2g013.2006.edi,0.09321454793764788,True
"Hardap Region, Namibia, Africa",SAMTEX.GIB004A.2008.edi,0.09327201084031336,True
"Kang to Ghazi, Botswana, Africa",SAMTEX.k2g007.2006.edi,0.09340174396738875,True
"Makgadikgadi Park, Botswana, Africa",SAMTEX.mak010.2006.edi,0.09346379540288799,True
"Okavango Lake, Botswana, Africa",SAMTEX.oka006.2006.edi,0.09559368236107224,True
"NE Namibia, Africa",SAMTEX.CPV029.2006.edi,0.09572851052103369,True
"Kweneng, Botswana, Africa",SAMTEX.mol107.2005.edi,0.09794910166489476,True
"Tshane, Botswana, Africa",SAMTEX.rtz418.2005.edi,0.09817630534624415,True
"Kalahari Game Reserve, Botswana, Africa",SAMTEX.kal020.2008.edi,0.09847721752035665,True
"Barotse Basin, Western Province, Zambia",PRIDE.ZAM31B_RH_ZAM39B.2011-2012.edi,0.09912103387738644,True
"Kweneng, Botswana, Africa",SAMTEX.mol101.2005.edi,0.09983936897690289,True
"Botswana, Africa",SAMTEX.bot408.2005.edi,0.10099431289366675,True
"Northern Namibia, Africa",SAMTEX.RAK019A.2008.edi,0.10104011177077361,True
"Central Botswana, Africa",SAMTEX.san012.2008.edi,0.10120898433243421,True
"Botswana, Africa",SAMTEX.bot406.2005.edi,0.10172308256633542,True
"Kimberley, South Africa",SAMTEX.kim435.2004.edi,0.10220020302855837,True
"Weiveld, South Africa",SAMTEX.wita40.2005.edi,0.10260970859942066,True
"Kang to Ghazi, Botswana, Africa",SAMTEX.k2g006.2006.edi,0.10371614997340065,True
"Kang to Ghazi, Botswana, Africa",SAMTEX.k2g012.2006.edi,0.1051326995022539,True
"Makgadikgadi Park, Botswana, Africa",SAMTEX.mak002.2006.edi,0.105516470199454,True
"Coffiefontain, South Africa",SAMTEX.kof005.2004.edi,0.1077381130397271,True
"Kasane, Zimbabwe, Africa",SAMTEX.ELZ291A.2008.edi,0.10830420659431364,True
"Kang to Ghazi, Botswana, Africa",SAMTEX.k2g003.2006.edi,0.10838045248832895,True
"Botswana, Africa",SAMTEX.mof117.2005.edi,0.10847402505768161,True
"Barotse Basin, Western Province, Zambia",PRIDE.ZAM01B_RH_ZAM03B.2011-2012.edi,0.10862540016863416,True
"Zimbabwe, Africa",SAMTEX.zim119.2005.edi,0.1086564994512211,True
"Botswana, Africa",SAMTEX.bot411.2005.edi,0.11009530229992211,True
"NE Namibia, Africa",SAMTEX.CPV005.2006.edi,0.11042614542587828,True
South Africa,SAMTEX.kap020.2003.edi,0.11056217285066043,True
South Africa,SAMTEX.kap013.2003.edi,0.11153292225886481,True
"Botswana, Africa",SAMTEX.mof115.2005.edi,0.11177555122863768,True
"Botswana, Africa",SAMTEX.bota13.2005.edi,0.11198455868387296,True
"Zimbabwe, Africa",SAMTEX.zim128.2005.edi,0.11323919447616561,True
"Southern Botswana, Africa",SAMTEX.rtz207.2005.edi,0.11349124365932542,True
"Botswana, Africa",SAMTEX.mof125.2005.edi,0.11351956155665702,True
"Namibia, Africa",SAMTEX.dmb004.2006.edi,0.11361372063788484,True
"Kweneng, Botswana, Africa",SAMTEX.mol108.2005.edi,0.11385598359788439,True
"Botswana, Africa",SAMTEX.botb13.2005.edi,0.11393177347559227,True
"Zimbabwe, Africa",SAMTEX.zim130.2005.edi,0.11448312059729987,True
"Botswana, Africa",SAMTEX.mof118.2005.edi,0.11609747786664731,True
"Kalahari Game Reserve, Botswana, Africa",SAMTEX.kal001.2008.edi,0.11671232010562493,True
South Africa,SAMTEX.kap018.2003.edi,0.11719798978861613,True
"Botswana, Africa",SAMTEX.mof106.2005.edi,0.11867366744883166,True
"NE Namibia, Africa",SAMTEX.NEN023.2006.edi,0.11875970761681721,True
"Orapa, Botswana, Africa",SAMTEX.sso110.2005.edi,0.11988786701276544,True
"Tshane, Botswana, Africa",SAMTEX.rtz411.2005.edi,0.12089280535184975,True
"Kimberley, South Africa",SAMTEX.kim436.2004.edi,0.12103319181926024,True
"Zimbabwe, Africa",SAMTEX.zim109.2005.edi,0.12126768850922427,True
"Kang to Ghazi, Botswana, Africa",SAMTEX.k2g005.2006.edi,0.12177365548522355,True
"Windhoek, Namibia, Africa",SAMTEX.win020.2006.edi,0.12252044166225616,True
"Windhoek, Namibia, Africa",SAMTEX.win016.2006.edi,0.12283362771360982,True
"Zimbabwe, Africa",SAMTEX.zim127.2005.edi,0.12295015627723237,True
"Botswana, Africa",SAMTEX.bot222.2005.edi,0.12375527403519304,True
"Windhoek, Namibia, Africa",SAMTEX.win024.2006.edi,0.12391669757246326,True
"Makgadikgadi Park, Botswana, Africa",SAMTEX.mak003.2006.edi,0.1241325945684416,True
"Botswana, Africa",SAMTEX.mof105.2005.edi,0.12445774973512061,True
South Africa,SAMTEX.kap010.2003.edi,0.12458285855662408,True
"Kweneng, Botswana, Africa",SAMTEX.mol104.2005.edi,0.124738818240956,True
"Kimberley, South Africa",SAMTEX.kim418.2004.edi,0.12479856723741671,True
"Windhoek, Namibia, Africa",SAMTEX.win018.2006.edi,0.12564453252481647,True
"NE Namibia, Africa",SAMTEX.CPV008.2006.edi,0.12620195805234652,True
"Botswana, Africa",SAMTEX.mof102.2005.edi,0.1274818142121939,True
"Okavango Lake, Botswana, Africa",SAMTEX.oka004.2006.edi,0.1275949712477062,True
"Kang to Ghazi, Botswana, Africa",SAMTEX.k2g014.2006.edi,0.1286427377068206,True
"Kimberley, South Africa",SAMTEX.kim215.2003-2006.edi,0.12869022238349287,True
"Barotse Basin, Western Province, Zambia",PRIDE.ZAM001A_RH_ZAM00.2011-2012.edi,0.13013872385950237,True
"NE Namibia, Africa",SAMTEX.CPV003.2006.edi,0.13229315001350533,True
"Namibia, Africa",SAMTEX.ETO012A.2008.edi,0.13249657470861564,True
"Namibia, Africa",SAMTEX.dmb032.2006.edi,0.13307798127502818,True
"Kimberley, South Africa",SAMTEX.kim421.2004.edi,0.1331452080881487,True
South Africa,SAMTEX.kap034.2003.edi,0.13436414193115673,True
"Kimberley, South Africa",SAMTEX.kim009_H.2003-2006.edi,0.1351930328817497,True
"Southern Botswana, Africa",SAMTEX.rtz202.2005.edi,0.13545674814466452,True
"Barotse Basin, Western Province, Zambia",PRIDE.ZAM34B_RH_ZAM40B.2011-2012.edi,0.1367845374221247,True
South Africa,SAMTEX.kap012.2003.edi,0.1380222054896833,True
"Weiveld, South Africa",SAMTEX.wita38.2005.edi,0.13810841520736547,True
South Africa,SAMTEX.kap024.2003.edi,0.13810878966636744,True
"Weiveld, South Africa",SAMTEX.wita48.2005.edi,0.1391218844230191,True
"Botswana, Africa",SAMTEX.bot412.2005.edi,0.13914330781072193,True
"Botswana, Africa",SAMTEX.mof127.2005.edi,0.14019788486674353,True
"Okavango Lake, Botswana, Africa",SAMTEX.oka008.2006.edi,0.14030785057804396,True
"Kalahari Game Reserve, Botswana, Africa",SAMTEX.kal014.2008.edi,0.14069402022650424,True
"Hardap Region, Namibia, Africa",SAMTEX.GIB018a.true.2008.edi,0.141092977330063,True
"Zimbabwe, Africa",SAMTEX.zim126.2005.edi,0.14116899473585057,True
"NE Namibia, Africa",SAMTEX.CPV027.2006.edi,0.14131651808951648,True
"Namibia, Africa",SAMTEX.dmb101A.2006.edi,0.14153317773235022,True
South Africa,SAMTEX.kap042.2003.edi,0.14259161100950277,True
"Namibia, Africa",SAMTEX.dmb029.2006.edi,0.14277289010430336,True
South Africa,SAMTEX.kap023.2003.edi,0.1433298747403871,True
South Africa,SAMTEX.kap017.2003.edi,0.14346825571647945,True
"Central Botswana, Africa",SAMTEX.san001.2008.edi,0.14366366403148578,True
"Northern Namibia, Africa",SAMTEX.RAK011A.2008.edi,0.14439653728150784,True
"Botswana, Africa",SAMTEX.mof120.2005.edi,0.14567663868824213,True
"Windhoek, Namibia, Africa",SAMTEX.win004.2006.edi,0.14577328876826204,True
"Barotse Basin, Western Province, Zambia",PRIDE.ZAM21B_RH_ZAM20B.2011-2012.edi,0.1465850622864999,True
"Barotse Basin, Western Province, Zambia",PRIDE.ZAM011A_RH_ZAM00.2011-2012.edi,0.14669564023314985,True
"Namibia, Africa",SAMTEX.ETO013A.2008.edi,0.14680898075650176,True
"Botswana, Africa",SAMTEX.bot205.2005.edi,0.14743087985279132,True
"Kimberley, South Africa",SAMTEX.kim016.2003-2006.edi,0.14827860119234262,True
"Kimberley, South Africa",SAMTEX.kim411.2004.edi,0.1484355516524298,True
South Africa,SAMTEX.kap060.2003.edi,0.148547379737916,True
"Namibia, Africa",SAMTEX.dmb017.2006.edi,0.14865105320295927,True
"Smithfield, South Africa",SAMTEX.KXT003A_auto.tru.2008.edi,0.14932337427208664,True
"Makgadikgadi Park, Botswana, Africa",SAMTEX.mak008.2006.edi,0.15012082642241778,True
South Africa,SAMTEX.kap003.2003.edi,0.15024650767264086,True
South Africa,SAMTEX.kap005.2003.edi,0.1510264825233198,True
"Namibia, Africa",SAMTEX.dmb010.2006.edi,0.1510779682487587,True
"Klerksdorp, South Africa",SAMTEX.wita16.2004.edi,0.1511578929022075,True
"Orapa, Botswana, Africa",SAMTEX.sso102.2005.edi,0.15161071536390458,True
South Africa,SAMTEX.kap068.2003.edi,0.15194235099391765,True
South Africa,SAMTEX.kap067.2003.edi,0.15194239718234395,True
"Windhoek, Namibia, Africa",SAMTEX.win013.2006.edi,0.15238365316289437,True
"Kang to Ghazi, Botswana, Africa",SAMTEX.k2g004.2006.edi,0.15259882697397234,True
"Botswana, Africa",SAMTEX.bot229.2005.edi,0.15271498002839562,True
"Kalahari Game Reserve, Botswana, Africa",SAMTEX.kal010.2008.edi,0.15315800418008296,True
"Tshane, Botswana, Africa",SAMTEX.rtz409.2005.edi,0.153920157633925,True
"Orapa, Botswana, Africa",SAMTEX.sso115.2005.edi,0.15397820493722242,True
South Africa,SAMTEX.kap074.2003.edi,0.1550151917650475,True
"Northern Namibia, Africa",SAMTEX.RAK017A.2008.edi,0.15564603039094393,True
"NE Namibia, Africa",SAMTEX.CPV025.2006.edi,0.1556565230313447,True
"Kalahari Game Reserve, Botswana, Africa",SAMTEX.kal011.2008.edi,0.1565526874070062,True
"Botswana, Africa",SAMTEX.bot416.2005.edi,0.15690118625424757,True
"Hardap Region, Namibia, Africa",SAMTEX.GIB014A.2008.edi,0.15883088307501564,True
"Zimbabwe, Africa",SAMTEX.zim102.2005.edi,0.15889169034976983,True
"Barotse Basin, Western Province, Zambia",PRIDE.ZAM009A_RH_ZAM01.2011-2012.edi,0.1614442938706959,True
"Smithfield, South Africa",SAMTEX.KXT004A_auto.tru.2008.edi,0.16240394881518502,True
"Kalahari Game Reserve, Botswana, Africa",SAMTEX.kal007.2008.edi,0.16284460658869832,True
"Tzaneen, South Africa",SAMTEX.LOW006B_auto.tru.2008.edi,0.1630055326209186,True
"Zimbabwe, Africa",SAMTEX.zim108.2005.edi,0.16364071230146052,True
"Makgadikgadi Park, Botswana, Africa",SAMTEX.mak004.2006.edi,0.16378200900781487,True
"Smithfield, South Africa",SAMTEX.KXT002A_auto.tru.2008.edi,0.1638504527859684,True
"Namibia, Africa",SAMTEX.ETO018A.2008.edi,0.16399292300180882,True
"Botswana, Africa",SAMTEX.bot415.2005.edi,0.16513119805605336,True
"NE Namibia, Africa",SAMTEX.NEN020.2006.edi,0.16684007555907376,True
"Central Botswana, Africa",SAMTEX.san014.2008.edi,0.1696876788519142,True
"Botswana, Africa",SAMTEX.mof104.2005.edi,0.16995122903794607,True
"Smithfield, South Africa",SAMTEX.KXT008A_auto.tru.2008.edi,0.17057999712247576,True
"Namibia, Africa",SAMTEX.dmb008.2006.edi,0.17122149090432298,True
"Botswana, Africa",SAMTEX.bot218.2005.edi,0.17217397736235407,True
"Namibia, Africa",SAMTEX.dmb022.2006.edi,0.17237689503300546,True
"Tshane, Botswana, Africa",SAMTEX.rtzf01.2005.edi,0.17237733026205895,True
"Orapa, Botswana, Africa",SAMTEX.sso117.2005.edi,0.17276910331375125,True
"Klerksdorp, South Africa",SAMTEX.wita18.2004.edi,0.17335144355844645,True
"Windhoek, Namibia, Africa",SAMTEX.win003.2006.edi,0.17455376069326178,True
"Windhoek, Namibia, Africa",SAMTEX.win037.2006.edi,0.17466746750751724,True
"Namibia, Africa",SAMTEX.dmb014.2006.edi,0.17510895393185139,True
"Barotse Basin, Western Province, Zambia",PRIDE.ZAM16B_RH_ZAM15B.2011-2012.edi,0.1781281226760739,True
"NE Namibia, Africa",SAMTEX.NEN003.2006.edi,0.17855553030470853,True
"Zimbabwe, Africa",SAMTEX.zim125.2005.edi,0.17878845443775615,True
"Northern Namibia, Africa",SAMTEX.RAK020A.2008.edi,0.17914363365349345,True
"Kimberley, South Africa",SAMTEX.kim434.2004.edi,0.18074504598259636,True
South Africa,SAMTEX.kap061.2003.edi,0.18110402999412284,True
"Zimbabwe, Africa",SAMTEX.zim103.2005.edi,0.18118561210148845,True
"Southern Botswana, Africa",SAMTEX.rtz205.2005.edi,0.18198004550998975,True
"Kimberley, South Africa",SAMTEX.kim015.2003-2006.edi,0.182583707946706,True
"Zimbabwe, Africa",SAMTEX.zim122.2005.edi,0.18276904098504673,True
"Klerksdorp, South Africa",SAMTEX.wita34.2004.edi,0.18359938276757373,True
"Northern Namibia, Africa",SAMTEX.RAK099A.2008.edi,0.1836246951461328,True
"Kimberley, South Africa",SAMTEX.kim446.2004.edi,0.18378415491978722,True
"Okavango Lake, Botswana, Africa",SAMTEX.oka007.2006.edi,0.18481780290687883,True
"Orapa, Botswana, Africa",SAMTEX.sso113.2005.edi,0.1854569422407749,True
"Tshane, Botswana, Africa",SAMTEX.rtzfb1.2005.edi,0.1856449632301926,True
"Barotse Basin, Western Province, Zambia",PRIDE.ZAM33B_RH_ZAM32B.2011-2012.edi,0.1856614688467385,True
South Africa,SAMTEX.kap001.2003.edi,0.18623252930175788,True
"Kalahari Game Reserve, Botswana, Africa",SAMTEX.kal008.2008.edi,0.18657870361526518,True
South Africa,SAMTEX.kap008.2003.edi,0.1870251322167543,True
"Kimberley, South Africa",SAMTEX.kim439.2004.edi,0.18749967870677517,True
"Kimberley, South Africa",SAMTEX.kim012.2003-2006.edi,0.1879989582672282,True
"Botswana, Africa",SAMTEX.mof126.2005.edi,0.1886792442596735,True
"Makgadikgadi Park, Botswana, Africa",SAMTEX.mak001.2006.edi,0.18978186539450168,True
"Windhoek, Namibia, Africa",SAMTEX.win038.2006.edi,0.19117647219752626,True
"Weiveld, South Africa",SAMTEX.wita46.2005.edi,0.19124498587453945,True
"Southern Botswana, Africa",SAMTEX.rtz206.2005.edi,0.1920938654788828,True
"Barotse Basin, Western Province, Zambia",PRIDE.ZAM013A_RH_ZAM01.2011-2012.edi,0.19257176602820658,True
"Namibia, Africa",SAMTEX.dmb019.2006.edi,0.19350976939365447,True
"Smithfield, South Africa",SAMTEX.KXT007A_auto.tru.2008.edi,0.1945664704252786,True
South Africa,SAMTEX.kap072.2003.edi,0.1951299354973203,True
"NE Namibia, Africa",SAMTEX.NEN001.2006.edi,0.19538927163783196,True
"Orapa, Botswana, Africa",SAMTEX.sso118.2005.edi,0.19556691509021562,True
"Tshane, Botswana, Africa",SAMTEX.rtz410.2005.edi,0.19600631549314004,True
"Namibia, Africa",SAMTEX.dmb003.2006.edi,0.19721561815556254,True
"Weiveld, South Africa",SAMTEX.wita39.2005.edi,0.19977296701509256,True
South Africa,SAMTEX.kap033.2003.edi,0.1999367104922804,True
"Windhoek, Namibia, Africa",SAMTEX.win017.2006.edi,0.20036505597027376,True
"Kang to Ghazi, Botswana, Africa",SAMTEX.k2g002.2006.edi,0.20235289435181827,True
"Barotse Basin, Western Province, Zambia",PRIDE.ZAM07B_RH_ZAM09B.2011-2012.edi,0.20274296926607147,True
"Namibia, Africa",SAMTEX.dmb024.2006.edi,0.20395118272303564,True
South Africa,SAMTEX.kap059.2003.edi,0.204393209090146,True
"Windhoek, Namibia, Africa",SAMTEX.win007.2006.edi,0.20444079119404876,True
"Zimbabwe, Africa",SAMTEX.zim124.2005.edi,0.20475571966152037,True
"Kalahari Game Reserve, Botswana, Africa",SAMTEX.kal006.2008.edi,0.2048699640541918,True
"Northern Namibia, Africa",SAMTEX.RAK018A.2008.edi,0.20560435556232112,True
"Smithfield, South Africa",SAMTEX.KXT009A_auto.tru.2008.edi,0.20620851856522343,True
"Kalahari Game Reserve, Botswana, Africa",SAMTEX.kal003.2008.edi,0.20720579667483244,True
"Southern Botswana, Africa",SAMTEX.rtz201.2005.edi,0.20749865975298792,True
"Botswana, Africa",SAMTEX.mof103.2005.edi,0.20785548515864422,True
"Kimberley, South Africa",SAMTEX.kim213.2003-2006.edi,0.20886228358903702,True
"Kimberley, South Africa",SAMTEX.kim214.2003-2006.edi,0.21006123173639402,True
"Kweneng, Botswana, Africa",SAMTEX.mol103.2005.edi,0.21067017812992023,True
"Barotse Basin, Western Province, Zambia",PRIDE.ZAM05B_RH_ZAM04B.2011-2012.edi,0.21097268562180896,True
"Zimbabwe, Africa",SAMTEX.zim105.2005.edi,0.2111670870468118,True
"Barotse Basin, Western Province, Zambia",PRIDE.ZAM10B_RH_ZAM18B.2011-2012.edi,0.21399638988109926,True
"Windhoek, Namibia, Africa",SAMTEX.win015.2006.edi,0.2149801920857846,True
"NE Namibia, Africa",SAMTEX.CPV009.2006.edi,0.21515888217258,True
"Botswana, Africa",SAMTEX.bot418.2005.edi,0.21649882190645942,True
"Makgadikgadi Park, Botswana, Africa",SAMTEX.mak007.2006.edi,0.21653047426364538,True
"Zimbabwe, Africa",SAMTEX.zim112.2005.edi,0.21666127013369205,True
"NE Namibia, Africa",SAMTEX.NEN022.2006.edi,0.2169885180346896,True
"Barotse Basin, Western Province, Zambia",PRIDE.ZAM007A_RH_ZAM01.2011-2012.edi,0.21732268958155837,True
"Kimberley, South Africa",SAMTEX.kim014.2003-2006.edi,0.21744769791384683,True
"Barotse Basin, Western Province, Zambia",PRIDE.ZAM04B_RH_ZAM05B.2011-2012.edi,0.2177857969328308,True
South Africa,SAMTEX.kap021.2003.edi,0.21890719103378206,True
"Windhoek, Namibia, Africa",SAMTEX.win022.2006.edi,0.22007772379678647,True
"Tshane, Botswana, Africa",SAMTEX.rtz422.2005.edi,0.22059221263611076,True
South Africa,SAMTEX.kap007.2003.edi,0.22066313579912805,True
"Botswana, Africa",SAMTEX.bot419.2005.edi,0.22396487396542644,True
"Windhoek, Namibia, Africa",SAMTEX.win012.2006.edi,0.2243012149902327,True
"Orapa, Botswana, Africa",SAMTEX.sso111.2005.edi,0.22504139099032727,True
"NE Namibia, Africa",SAMTEX.CPV023.2006.edi,0.22558643160799052,True
"Windhoek, Namibia, Africa",SAMTEX.win019.2006.edi,0.22609868164013136,True
"Zimbabwe, Africa",SAMTEX.zim117.2005.edi,0.22699308561910758,True
"Klerksdorp, South Africa",SAMTEX.witb33.2004.edi,0.22805806263537304,True
"Barotse Basin, Western Province, Zambia",PRIDE.ZAM15B_RH_ZAM16B.2011-2012.edi,0.22807576128396856,True
"NE Namibia, Africa",SAMTEX.CPV028.2006.edi,0.22826914539068827,True
"Kimberley, South Africa",SAMTEX.kim442.2004.edi,0.22853055313424267,True
"Kimberley, South Africa",SAMTEX.kim438.2004.edi,0.22880012101866,True
"Windhoek, Namibia, Africa",SAMTEX.win039.2006.edi,0.22956937278409648,True
"Northern Namibia, Africa",SAMTEX.RAK021A.2008.edi,0.23195339797803344,True
"Kimberley, South Africa",SAMTEX.kim017.2003-2006.edi,0.2324938420326376,True
"Windhoek, Namibia, Africa",SAMTEX.win025.2006.edi,0.23257817490951352,True
"Namibia, Africa",SAMTEX.dmb034.2006.edi,0.23306333497912404,True
"Barotse Basin, Western Province, Zambia",PRIDE.ZAM28B_RH_ZAM26B.2011-2012.edi,0.2355018948968731,True
"Klerksdorp, South Africa",SAMTEX.witb14.2004.edi,0.2368104490697691,True
South Africa,SAMTEX.kap039.2003.edi,0.23800218269597925,True
"Kimberley, South Africa",SAMTEX.kim433.2004.edi,0.23807557818096994,True
"Windhoek, Namibia, Africa",SAMTEX.win008.2006.edi,0.2381272461624648,True
South Africa,SAMTEX.kap044.2003.edi,0.2386220480430746,True
"Klerksdorp, South Africa",SAMTEX.witb29.2004.edi,0.23885800536396723,True
South Africa,SAMTEX.kap026.2003.edi,0.24038988350649587,True
"Kimberley, South Africa",SAMTEX.kim007.2003-2006.edi,0.24044815728498986,True
"Botswana, Africa",SAMTEX.bot404.2005.edi,0.2407129895235785,True
"Zimbabwe, Africa",SAMTEX.zim116.2005.edi,0.24137003131737747,True
"Namibia, Africa",SAMTEX.dmb016.2006.edi,0.2425510620839912,True
South Africa,SAMTEX.kap027.2003.edi,0.24376200509360993,True
"Kalahari Game Reserve, Botswana, Africa",SAMTEX.kal002.2008.edi,0.24382163831024864,True
"Namibia, Africa",SAMTEX.dmb023.2006.edi,0.24425229892392836,True
"Zimbabwe, Africa",SAMTEX.zim118.2005.edi,0.2448119658638074,True
"Zimbabwe, Africa",SAMTEX.zim113.2005.edi,0.24671665981826862,True
"Barotse Basin, Western Province, Zambia",PRIDE.ZAM26B_RH_ZAM28B.2011-2012.edi,0.247294936329016,True
"Barotse Basin, Western Province, Zambia",PRIDE.ZAM03B_RH_ZAM01B.2011-2012.edi,0.24757907229271284,True
"Namibia, Africa",SAMTEX.ETO005A.2008.edi,0.24773810956630818,True
"NE Namibia, Africa",SAMTEX.CPV016.2006.edi,0.24805204577325438,True
"Barotse Basin, Western Province, Zambia",PRIDE.ZAM32B_RH_ZAM33B.2011-2012.edi,0.24827065773993534,True
South Africa,SAMTEX.kap016.2003.edi,0.24972990844897833,True
"Windhoek, Namibia, Africa",SAMTEX.win030.2006.edi,0.25005322842346617,True
"Kimberley, South Africa",SAMTEX.kim447.2004.edi,0.2511811325487082,True
"Botswana, Africa",SAMTEX.bot223.2005.edi,0.2512044509659744,True
South Africa,SAMTEX.kap002.2003.edi,0.25139230110757027,True
"Windhoek, Namibia, Africa",SAMTEX.win010.2006.edi,0.25150858509943613,True
South Africa,SAMTEX.kap015.2003.edi,0.2518085576548533,True
"Mokopane, South Africa",SAMTEX.LIM008A.2008.edi,0.252015066631508,True
"Barotse Basin, Western Province, Zambia",PRIDE.ZAM40B_RH_ZAM34B.2011-2012.edi,0.25402102688218897,True
"Smithfield, South Africa",SAMTEX.KXT006A_auto.tru.2008.edi,0.25418485570413696,True
"Namibia, Africa",SAMTEX.ETO010A.2008.edi,0.2543866768591398,True
"Barotse Basin, Western Province, Zambia",PRIDE.ZAM39B_RH_ZAM42B.2011-2012.edi,0.2556359406807102,True
"Kimberley, South Africa",SAMTEX.kim437.2004.edi,0.25782535097393716,True
"Southern Botswana, Africa",SAMTEX.rtz211.2005.edi,0.2592956505881833,True
"Weiveld, South Africa",SAMTEX.wita47.2005.edi,0.25979408190413467,True
"Barotse Basin, Western Province, Zambia",PRIDE.ZAM012A_RH_ZAM00.2011-2012.edi,0.2607641944224587,True
"Hardap Region, Namibia, Africa",SAMTEX.GIB002A.2008.edi,0.26476370622132656,True
"Coffiefontain, South Africa",SAMTEX.kof003.2004.edi,0.2674651989633269,True
"Botswana, Africa",SAMTEX.mof116.2005.edi,0.2682227914183823,True
"Botswana, Africa",SAMTEX.bot219.2005.edi,0.26909097510036134,True
"Klerksdorp, South Africa",SAMTEX.witb15.2004.edi,0.26932578624847187,True
"NE Namibia, Africa",SAMTEX.CPV004.2006.edi,0.2712938915373422,True
"Klerksdorp, South Africa",SAMTEX.wita21.2004.edi,0.2728620533229493,True
"Namibia, Africa",SAMTEX.dmb009.2006.edi,0.2753960573935958,True
"Central Botswana, Africa",SAMTEX.san013.2008.edi,0.27541918035278784,True
"Hardap Region, Namibia, Africa",SAMTEX.GIB008A.2008.edi,0.27606510353836183,True
South Africa,SAMTEX.kap041.2003.edi,0.2809363880973831,True
South Africa,SAMTEX.kap058.2003.edi,0.2815318413377008,True
"Klerksdorp, South Africa",SAMTEX.wita30.2004.edi,0.28288919310489075,True
"Klerksdorp, South Africa",SAMTEX.wita20.2004.edi,0.2835538550402911,True
"Barotse Basin, Western Province, Zambia",PRIDE.ZAM08B_RH_ZAM07B.2011-2012.edi,0.28798849471076776,True
"Northern Namibia, Africa",SAMTEX.RAK009A.2008.edi,0.288051878633575,True
South Africa,SAMTEX.kap014.2003.edi,0.2887488850803359,True
"Kimberley, South Africa",SAMTEX.kim021.2003-2006.edi,0.2887912479053314,True
"Namibia, Africa",SAMTEX.ETO016A.2008.edi,0.2889172425447231,True
"Namibia, Africa",SAMTEX.ETO002A.2008.edi,0.2898974319800901,True
"Orapa, Botswana, Africa",SAMTEX.sso105.2005.edi,0.29176233711276944,True
"Namibia, Africa",SAMTEX.dmb007.2006.edi,0.29191222393114014,True
"Kimberley, South Africa",SAMTEX.kim444.2004.edi,0.2924451162625207,True
"Botswana, Africa",SAMTEX.bot214.2005.edi,0.2933232597123389,True
"NE Namibia, Africa",SAMTEX.NEN002.2006.edi,0.2941580058940812,True
"Weiveld, South Africa",SAMTEX.wita41.2005.edi,0.29429227600188534,True
"Klerksdorp, South Africa",SAMTEX.witb34.2004.edi,0.2965950575341878,True
"Namibia, Africa",SAMTEX.dmb026.2006.edi,0.29747625034282094,True
"Tzaneen, South Africa",SAMTEX.LOW005A_auto.tru.2008.edi,0.29961479780934347,True
"Botswana, Africa",SAMTEX.bot224.2005.edi,0.3004777014345739,True
"Barotse Basin, Western Province, Zambia",PRIDE.ZAM09B_RH_ZAM07B.2011-2012.edi,0.3014987665127732,True
"Botswana, Africa",SAMTEX.bot217.2005.edi,0.3021972247799008,True
"Windhoek, Namibia, Africa",SAMTEX.win009.2006.edi,0.3031870626360187,True
"Botswana, Africa",SAMTEX.mof121.2005.edi,0.30375196577369923,True
"Botswana, Africa",SAMTEX.bot215.2005.edi,0.30441116560114695,True
"Weiveld, South Africa",SAMTEX.wita45.2005.edi,0.30504360255603746,True
"Okavango Lake, Botswana, Africa",SAMTEX.oka010.2006.edi,0.3062367640675666,True
"NE Namibia, Africa",SAMTEX.CPV006.2006.edi,0.3066977861401006,True
"Makgadikgadi Park, Botswana, Africa",SAMTEX.mak005.2006.edi,0.3086968762001398,True
"Orapa, Botswana, Africa",SAMTEX.sso104.2005.edi,0.3088317536591446,True
"Barotse Basin, Western Province, Zambia",PRIDE.ZAM37B_RH_ZAM36B.2011-2012.edi,0.30981166162619633,True
"Klerksdorp, South Africa",SAMTEX.wita29.2004.edi,0.31030008339070336,True
"Namibia, Africa",SAMTEX.dmb015.2006.edi,0.31050945233211164,True
"Klerksdorp, South Africa",SAMTEX.witb32.2004.edi,0.31133797682792924,True
"Barotse Basin, Western Province, Zambia",PRIDE.ZAM27B_RH_ZAM25B.2011-2012.edi,0.3115050644746923,True
"Klerksdorp, South Africa",SAMTEX.wita35.2004.edi,0.3119494114531176,True
"Klerksdorp, South Africa",SAMTEX.witb16.2004.edi,0.31232869836131016,True
"NE Namibia, Africa",SAMTEX.CPV013.2006.edi,0.31323916776559646,True
"Windhoek, Namibia, Africa",SAMTEX.win021.2006.edi,0.3133921747647173,True
"Kasane, Zimbabwe, Africa",SAMTEX.ELZ003A.2008.edi,0.3145354612433883,True
"Central Botswana, Africa",SAMTEX.san004.2008.edi,0.3146514279975325,True
"Hardap Region, Namibia, Africa",SAMTEX.GIB013A.2008.edi,0.3162103900798731,True
"Klerksdorp, South Africa",SAMTEX.witb24.2004.edi,0.31660051982247456,True
"NE Namibia, Africa",SAMTEX.CPV024.2006.edi,0.3167295014950765,True
"Hardap Region, Namibia, Africa",SAMTEX.GIB015A.true.2008.edi,0.3167417096592283,True
"Klerksdorp, South Africa",SAMTEX.wita32.2004.edi,0.31712454998063433,True
"Zimbabwe, Africa",SAMTEX.zim110.2005.edi,0.3191956742272334,True
"Kimberley, South Africa",SAMTEX.kim410.2004.edi,0.3197881508923919,True
South Africa,SAMTEX.kap071.2003.edi,0.3221946998622779,True
"Klerksdorp, South Africa",SAMTEX.wita36.2004.edi,0.32493586021356247,True
"Zimbabwe, Africa",SAMTEX.zim131.2005.edi,0.32570812693835816,True
"Namibia, Africa",SAMTEX.dmb028.2006.edi,0.3267071634752995,True
South Africa,SAMTEX.kap063.2003.edi,0.3267978318257603,True
South Africa,SAMTEX.kap055.2003.edi,0.32780405809741336,True
"Klerksdorp, South Africa",SAMTEX.witb28.2004.edi,0.3325782535268802,True
"Botswana, Africa",SAMTEX.bot409.2005.edi,0.3336007624421761,True
South Africa,SAMTEX.kap004.2003.edi,0.33387289648137136,True
"Kimberley, South Africa",SAMTEX.kim018_L.2003-2006.edi,0.3355115317179243,True
"Klerksdorp, South Africa",SAMTEX.wita33.2004.edi,0.3362240328484864,True
"Northern Namibia, Africa",SAMTEX.RAK016A.2008.edi,0.33653451146724456,True
"Namibia, Africa",SAMTEX.ETO003A.2008.edi,0.3372103645144744,True
"Barotse Basin, Western Province, Zambia",PRIDE.ZAM003A_RH_ZAM00.2011-2012.edi,0.33794695496288346,True
"NE Namibia, Africa",SAMTEX.NEN005.2006.edi,0.34011172384119287,True
"Klerksdorp, South Africa",SAMTEX.wita15.2004.edi,0.3402497725003326,True
"NE Namibia, Africa",SAMTEX.CPV020.2006.edi,0.34421118821171853,True
South Africa,SAMTEX.kap062.2003.edi,0.34425984331871984,True
"Tzaneen, South Africa",SAMTEX.LOW004B_auto.tru.2008.edi,0.3444139663652819,True
"Namibia, Africa",SAMTEX.dmb002.2006.edi,0.3447106148061107,True
"Windhoek, Namibia, Africa",SAMTEX.win034.2006.edi,0.3459907845453535,True
"NE Namibia, Africa",SAMTEX.NEN012.2006.edi,0.34661354450633025,True
"Kimberley, South Africa",SAMTEX.kim004_H.2003-2006.edi,0.34729840020611336,True
"Northern Namibia, Africa",SAMTEX.RAK012A.2008.edi,0.3513805672615519,True
"Weiveld, South Africa",SAMTEX.wita37.2005.edi,0.3518876009442852,True
"Namibia, Africa",SAMTEX.ETO007C.2008.edi,0.35208641051145245,True
"Barotse Basin, Western Province, Zambia",PRIDE.ZAM18B_RH_ZAM10B.2011-2012.edi,0.35353890548699163,True
"Coffiefontain, South Africa",SAMTEX.kof001.2004.edi,0.35438546801769166,True
"Okavango Lake, Botswana, Africa",SAMTEX.oka015.2006.edi,0.35614855266720924,True
"Namibia, Africa",SAMTEX.dmb027.2006.edi,0.3574805762742223,True
"Barotse Basin, Western Province, Zambia",PRIDE.ZAM017A_RH_ZAM01.2011-2012.edi,0.35793392038037036,True
"Klerksdorp, South Africa",SAMTEX.witb17.2004.edi,0.3607088956230809,True
"Klerksdorp, South Africa",SAMTEX.witb13.2004.edi,0.36110575453613275,True
"Klerksdorp, South Africa",SAMTEX.wita31.2004.edi,0.36180895656738127,True
"Northern Namibia, Africa",SAMTEX.RAK013A.2008.edi,0.3640959182987957,True
South Africa,SAMTEX.kap029.2003.edi,0.3654526492199597,True
"Weiveld, South Africa",SAMTEX.wita44.2005.edi,0.36640087575309227,True
"Northern Namibia, Africa",SAMTEX.RAK015A.2008.edi,0.3669126870859083,True
"Barotse Basin, Western Province, Zambia",PRIDE.ZAM010A_RH_ZAM00.2011-2012.edi,0.36811572099408035,True
"Botswana, Africa",SAMTEX.bot211.2005.edi,0.3689689164493833,True
South Africa,SAMTEX.kap043.2003.edi,0.36953770880343156,True
"Zimbabwe, Africa",SAMTEX.zim111.2005.edi,0.3704475661949776,True
"Botswana, Africa",SAMTEX.bot225.2005.edi,0.3706050212277586,True
"Klerksdorp, South Africa",SAMTEX.witb36.2004.edi,0.37102645007098534,True
"Botswana, Africa",SAMTEX.bot216.2005.edi,0.3722471696881731,True
"NE Namibia, Africa",SAMTEX.CPV026.2006.edi,0.3722842715168105,True
"Mokopane, South Africa",SAMTEX.LIM007A.2008.edi,0.3769510272523247,True
"Hardap Region, Namibia, Africa",SAMTEX.GIB001A.2008.edi,0.38018887683155345,True
South Africa,SAMTEX.kap019.2003.edi,0.38080870358967883,True
"Kimberley, South Africa",SAMTEX.kim408.2004.edi,0.38084845167843845,True
"NE Namibia, Africa",SAMTEX.CPV022.2006.edi,0.38313612922868645,True
"NE Namibia, Africa",SAMTEX.NEN006.2006.edi,0.38808264416590615,True
"Tzaneen, South Africa",SAMTEX.LOW002A_auto.tru.2008.edi,0.38817691251118563,True
"Botswana, Africa",SAMTEX.bot212.2005.edi,0.38851599469812115,True
"Namibia, Africa",SAMTEX.dmb005.2006.edi,0.3895919457070268,True
"Kimberley, South Africa",SAMTEX.kim445.2004.edi,0.39004761412478806,True
South Africa,SAMTEX.kap028.2003.edi,0.3911487400721517,True
"Kweneng, Botswana, Africa",SAMTEX.mol106.2005.edi,0.39285353422284575,True
"Southern Botswana, Africa",SAMTEX.rtz210.2005.edi,0.3955007434142539,True
"Kasane, Zimbabwe, Africa",SAMTEX.ELZ102B.2008.edi,0.39612041607590087,True
"Namibia, Africa",SAMTEX.ETO011A.2008.edi,0.39820839582916956,True
"Barotse Basin, Western Province, Zambia",PRIDE.ZAM29B_RH_ZAM30B.2011-2012.edi,0.39822142134867083,True
"Kalahari Game Reserve, Botswana, Africa",SAMTEX.kal005.2008.edi,0.3983104120773355,True
"Namibia, Africa",SAMTEX.dmb006.2006.edi,0.4009598242020944,True
"Namibia, Africa",SAMTEX.ETO006A.2008.edi,0.4094535010619499,True
"Windhoek, Namibia, Africa",SAMTEX.win002.2006.edi,0.40984408217404483,True
"Windhoek, Namibia, Africa",SAMTEX.win006.2006.edi,0.4098568000241179,True
"Kimberley, South Africa",SAMTEX.kim403.2004.edi,0.41002595018929505,True
"Otjiwarongo, Namibia, Africa",SAMTEX.ELG914B.2008.edi,0.4111957924232616,True
"Northern Namibia, Africa",SAMTEX.RAK007A.2008.edi,0.4158140375744221,True
"Botswana, Africa",SAMTEX.mof123.2005.edi,0.4170110746383999,True
"Barotse Basin, Western Province, Zambia",PRIDE.ZAM06B_LH_ZAM06B.2011-2012.edi,0.41844013066576485,True
"Weiveld, South Africa",SAMTEX.wita43.2005.edi,0.41892427176919234,True
"Barotse Basin, Western Province, Zambia",PRIDE.ZAM008A_RH_ZAM01.2011-2012.edi,0.4213029783259225,True
"Barotse Basin, Western Province, Zambia",PRIDE.ZAM02B_RH_ZAM07B.2011-2012.edi,0.42419438086286926,True
South Africa,SAMTEX.kap073.2003.edi,0.42510906676273386,True
"Klerksdorp, South Africa",SAMTEX.witb10.2004.edi,0.42870630789980596,True
"Kalahari Game Reserve, Botswana, Africa",SAMTEX.kal013.2008.edi,0.4289988636778031,True
South Africa,SAMTEX.kap037.2003.edi,0.42936904759382744,True
"Namibia, Africa",SAMTEX.ETO022A.2008.edi,0.43236724785419484,True
"Zimbabwe, Africa",SAMTEX.zim107.2005.edi,0.4333543597554074,True
"Namibia, Africa",SAMTEX.ETO014A.2008.edi,0.4337953745722383,True
"Smithfield, South Africa",SAMTEX.KXT001A_auto.tru.2008.edi,0.43390586356782646,True
"Botswana, Africa",SAMTEX.bot221.2005.edi,0.43402937300174177,True
"Namibia, Africa",SAMTEX.dmb020.2006.edi,0.43517454837120617,True
"Tshane, Botswana, Africa",SAMTEX.rtz402.2005.edi,0.4378377942815354,True
"Namibia, Africa",SAMTEX.ETO019A.2008.edi,0.43863752582756116,True
"Namibia, Africa",SAMTEX.dmb011.2006.edi,0.43985376839917406,True
"Botswana, Africa",SAMTEX.bot401.2005.edi,0.44014673898715956,True
"Klerksdorp, South Africa",SAMTEX.wita13.2004.edi,0.44279368490552745,True
"Kimberley, South Africa",SAMTEX.kim003.2003-2006.edi,0.45103843014582595,True
"Windhoek, Namibia, Africa",SAMTEX.win014.2006.edi,0.4521360067097372,True
"Otjiwarongo, Namibia, Africa",SAMTEX.ELG013A.2008.edi,0.45527844316795535,True
"Klerksdorp, South Africa",SAMTEX.witb19.2004.edi,0.45596459810998624,True
"Orapa, Botswana, Africa",SAMTEX.sso103.2005.edi,0.4577058381957904,True
"Northern Namibia, Africa",SAMTEX.RAK002A.2008.edi,0.46043502881103715,True
"Otjiwarongo, Namibia, Africa",SAMTEX.ELG097A.2008.edi,0.46640424895391003,True
"Hardap Region, Namibia, Africa",SAMTEX.GIB017A.2008.edi,0.47334508967628575,True
"Zimbabwe, Africa",SAMTEX.zim123.2005.edi,0.4734695865192933,True
"Namibia, Africa",SAMTEX.dmb018.2006.edi,0.4742126845098568,True
South Africa,SAMTEX.kap038.2003.edi,0.47631224922481863,True
"Barotse Basin, Western Province, Zambia",PRIDE.ZAM13B_RH_ZAM12B.2011-2012.edi,0.47664523392301433,True
"Kalahari Game Reserve, Botswana, Africa",SAMTEX.kal015.2008.edi,0.4802414887879326,True
"NE Namibia, Africa",SAMTEX.CPV019.2006.edi,0.4891934345337269,True
"Okavango Lake, Botswana, Africa",SAMTEX.oka011.2006.edi,0.49594095056793375,True
"NE Namibia, Africa",SAMTEX.CPV007.2006.edi,0.49600959607502637,True
"Tzaneen, South Africa",SAMTEX.LOW011A_auto.tru.2008.edi,0.4981172411200145,True
"Klerksdorp, South Africa",SAMTEX.witb18.2004.edi,0.4981868416169269,True
"Kimberley, South Africa",SAMTEX.kim002.2003-2006.edi,0.5010553670548105,False
"Mokopane, South Africa",SAMTEX.LIM006A.2008.edi,0.5034246757895131,False
"Kimberley, South Africa",SAMTEX.kim405.2004.edi,0.5039091921196001,False
"Klerksdorp, South Africa",SAMTEX.witb35.2004.edi,0.5091515937001109,False
"Tshane, Botswana, Africa",SAMTEX.rtz404.2005.edi,0.5102721201211385,False
"Klerksdorp, South Africa",SAMTEX.wita28.2004.edi,0.5126089718735888,False
"Smithfield, South Africa",SAMTEX.KXT010A_auto.tru.2008.edi,0.5134696848169259,False
"NE Namibia, Africa",SAMTEX.NEN118.2006.edi,0.515637981378048,False
"Klerksdorp, South Africa",SAMTEX.wita19.2004.edi,0.516202701987963,False
"Klerksdorp, South Africa",SAMTEX.witb22.2004.edi,0.5178143997180371,False
South Africa,SAMTEX.kap030.2003.edi,0.5192553853864307,False
South Africa,SAMTEX.kap022.2003.edi,0.5211883421510091,False
"NE Namibia, Africa",SAMTEX.NEN117.2006.edi,0.5217472881220097,False
"Barotse Basin, Western Province, Zambia",PRIDE.ZAM016A_RH_ZAM01.2011-2012.edi,0.522744248118774,False
"Hardap Region, Namibia, Africa",SAMTEX.GIB007A.2008.edi,0.5232237251603579,False
South Africa,SAMTEX.kap011.2003.edi,0.5256937048093248,False
"Orapa, Botswana, Africa",SAMTEX.sso114.2005.edi,0.5259936844770606,False
"Barotse Basin, Western Province, Zambia",PRIDE.ZAM42B_RH_ZAM39B.2011-2012.edi,0.5265121840489637,False
South Africa,SAMTEX.kap075.2003.edi,0.5274710038945061,False
"Okavango Lake, Botswana, Africa",SAMTEX.oka005.2006.edi,0.5300883511247066,False
"Namibia, Africa",SAMTEX.ETO001A.2008.edi,0.5312735304961704,False
South Africa,SAMTEX.kap050.2003.edi,0.5322886256131034,False
"NE Namibia, Africa",SAMTEX.NEN011.2006.edi,0.5367895431361444,False
"Northern Namibia, Africa",SAMTEX.RAK023A.2008.edi,0.5427306107947109,False
"Hardap Region, Namibia, Africa",SAMTEX.GIB012A.2008.edi,0.5444599064713717,False
"Tzaneen, South Africa",SAMTEX.LOW007A_auto.tru.2008.edi,0.5478364565390831,False
"Otjiwarongo, Namibia, Africa",SAMTEX.ELG091A.2008.edi,0.5542133352066878,False
"Orapa, Botswana, Africa",SAMTEX.sso112.2005.edi,0.5579194588242393,False
"Coffiefontain, South Africa",SAMTEX.kof002.2004.edi,0.5581797225035884,False
South Africa,SAMTEX.kap045.2003.edi,0.5595388578782408,False
"Kimberley, South Africa",SAMTEX.kim409.2004.edi,0.5605661618606,False
"Kimberley, South Africa",SAMTEX.kim010.2003-2006.edi,0.5671159387265169,False
South Africa,SAMTEX.kap025.2003.edi,0.5726778898063891,False
"Windhoek, Namibia, Africa",SAMTEX.win033.2006.edi,0.5766032207257589,False
"Klerksdorp, South Africa",SAMTEX.wita26.2004.edi,0.5789969105417604,False
"Tzaneen, South Africa",SAMTEX.LOW003B_auto.tru.2008.edi,0.5797467570750234,False
"NE Namibia, Africa",SAMTEX.NEN010.2006.edi,0.580122052848474,False
"Coffiefontain, South Africa",SAMTEX.kof004.2004.edi,0.5821291712355122,False
"Otjiwarongo, Namibia, Africa",SAMTEX.ELG093A.2008.edi,0.5826557485665202,False
"Barotse Basin, Western Province, Zambia",PRIDE.ZAMC65L1.2011-2012.edi,0.5829456273056767,False
"Northern Namibia, Africa",SAMTEX.RAK005A.2008.edi,0.5856331894846131,False
"Kimberley, South Africa",SAMTEX.kim407.2004.edi,0.5865718225591192,False
"Kimberley, South Africa",SAMTEX.kim201.2003-2006.edi,0.5880805540272618,False
"NE Namibia, Africa",SAMTEX.NEN016.2006.edi,0.5889289011727538,False
"Klerksdorp, South Africa",SAMTEX.witb20.2004.edi,0.5897565574633565,False
"Botswana, Africa",SAMTEX.mof122.2005.edi,0.591637724337106,False
"Southern Botswana, Africa",SAMTEX.rtz204.2005.edi,0.5940998607314617,False
"NE Namibia, Africa",SAMTEX.NEN017.2006.edi,0.5951819868399906,False
"Tzaneen, South Africa",SAMTEX.LOW008A_auto.tru.2008.edi,0.5978084745076185,False
"NE Namibia, Africa",SAMTEX.CPV012.2006.edi,0.602024307235503,False
"Tshane, Botswana, Africa",SAMTEX.rtz408.2005.edi,0.6148909116728738,False
"Tshane, Botswana, Africa",SAMTEX.rtzf03.2005.edi,0.6200005256312278,False
South Africa,SAMTEX.kap069.2003.edi,0.6204466105233084,False
"Klerksdorp, South Africa",SAMTEX.witb11.2004.edi,0.622938673362226,False
"Kimberley, South Africa",SAMTEX.kim006.2003-2006.edi,0.6244958948879398,False
"Namibia, Africa",SAMTEX.ETO024A.2008.edi,0.6283558719138859,False
"Windhoek, Namibia, Africa",SAMTEX.win005.2006.edi,0.6285441131816517,False
"Windhoek, Namibia, Africa",SAMTEX.win027.2006.edi,0.630237460599834,False
"Klerksdorp, South Africa",SAMTEX.witb31.2004.edi,0.632468216302729,False
"Barotse Basin, Western Province, Zambia",PRIDE.ZAM30B_RH_ZAM29B.2011-2012.edi,0.6395637631772025,False
"Tshane, Botswana, Africa",SAMTEX.rtz412.2005.edi,0.6445605217957266,False
"Kimberley, South Africa",SAMTEX.kim443.2004.edi,0.660171308112268,False
"Northern Namibia, Africa",SAMTEX.RAK053A.2008.edi,0.6641475545748017,False
"Windhoek, Namibia, Africa",SAMTEX.win023.2006.edi,0.6669057227055336,False
"Okavango Lake, Botswana, Africa",SAMTEX.oka009.2006.edi,0.6680844427068141,False
"Windhoek, Namibia, Africa",SAMTEX.win032.2006.edi,0.6697949725833995,False
"Botswana, Africa",SAMTEX.bot220.2005.edi,0.669820929364535,False
"Barotse Basin, Western Province, Zambia",PRIDE.ZAM22B_LH_ZAM22B.2011-2012.edi,0.6721085016467798,False
"Tshane, Botswana, Africa",SAMTEX.rtz425.2005.edi,0.6722908261411635,False
"Otjiwarongo, Namibia, Africa",SAMTEX.ELG092A.2008.edi,0.6726435097138721,False
"Barotse Basin, Western Province, Zambia",PRIDE.ZAM002A_RH_ZAM00.2011-2012.edi,0.6786905759776598,False
"Zimbabwe, Africa",SAMTEX.zim114.2005.edi,0.6793088829668478,False
"Barotse Basin, Western Province, Zambia",PRIDE.ZAM17B_LH_ZAM17B.2011-2012.edi,0.6832576139022183,False
"Kasane, Zimbabwe, Africa",SAMTEX.ELZ101A.2008.edi,0.6841187417061108,False
"Tshane, Botswana, Africa",SAMTEX.rtzf02.2005.edi,0.6880700637177605,False
"NE Namibia, Africa",SAMTEX.CPV015.2006.edi,0.6905417807070946,False
"Zimbabwe, Africa",SAMTEX.zim106.2005.edi,0.6974855524745773,False
"Northern Namibia, Africa",SAMTEX.RAK014A.2008.edi,0.7193475599690797,False
"Kimberley, South Africa",SAMTEX.kim009_L.2003-2006.edi,0.7193685905071243,False
"Windhoek, Namibia, Africa",SAMTEX.win011.2006.edi,0.7278699268431521,False
"Barotse Basin, Western Province, Zambia",PRIDE.ZAM014A_RH_ZAM01.2011-2012.edi,0.7421316747800937,False
"Namibia, Africa",SAMTEX.dmb021.2006.edi,0.7573914963755656,False
South Africa,SAMTEX.kap035.2003.edi,0.7610610061887978,False
"NE Namibia, Africa",SAMTEX.NEN019.2006.edi,0.7644158137729875,False
"Mokopane, South Africa",SAMTEX.LIM002A.2008.edi,0.7662131290700487,False
"Kimberley, South Africa",SAMTEX.kim404.2004.edi,0.7678634347094648,False
"Northern Namibia, Africa",SAMTEX.RAK008A.2008.edi,0.7696131348957739,False
"Barotse Basin, Western Province, Zambia",PRIDE.ZAM20B_RH_ZAM19B.2011-2012.edi,0.7787412565735149,False
South Africa,SAMTEX.kap053.2003.edi,0.7872169648751981,False
"Barotse Basin, Western Province, Zambia",PRIDE.ZAMC64L.2011-2012.edi,0.7910469523744255,False
"Otjiwarongo, Namibia, Africa",SAMTEX.ELG913A.2008.edi,0.8008828974349532,False
"Klerksdorp, South Africa",SAMTEX.wita22.2004.edi,0.8046295601007504,False
"NE Namibia, Africa",SAMTEX.NEN015.2006.edi,0.8080854610647767,False
"Barotse Basin, Western Province, Zambia",PRIDE.ZAM19B_RH_ZAM20B.2011-2012.edi,0.8084424595632003,False
"Windhoek, Namibia, Africa",SAMTEX.win031.2006.edi,0.8087525815094834,False
"Kasane, Zimbabwe, Africa",SAMTEX.ELZ103A.2008.edi,0.8092550486474449,False
"Barotse Basin, Western Province, Zambia",PRIDE.ZAM35B_RH_ZAM38B.2011-2012.edi,0.815811684102915,False
"Kimberley, South Africa",SAMTEX.kim001.2003-2006.edi,0.817368151618908,False
"Zimbabwe, Africa",SAMTEX.zim121.2005.edi,0.8177434369578076,False
"Barotse Basin, Western Province, Zambia",PRIDE.ZAM24B_RH_ZAM23B.2011-2012.edi,0.8221657679563055,False
"Namibia, Africa",SAMTEX.ETO004A.2008.edi,0.8261745061159433,False
"Kimberley, South Africa",SAMTEX.kim019.2003-2006.edi,0.8344373250278545,False
"Otjiwarongo, Namibia, Africa",SAMTEX.ELG001A.2008.edi,0.8380129631341032,False
"Barotse Basin, Western Province, Zambia",PRIDE.ZAM38B_RH_ZAM35B.2011-2012.edi,0.8383197890716181,False
"Barotse Basin, Western Province, Zambia",PRIDE.ZAM25B_RH_ZAM27B.2011-2012.edi,0.8604524662111608,False
"Otjiwarongo, Namibia, Africa",SAMTEX.ELG007A.2008.edi,0.8627518793194913,False
"Kimberley, South Africa",SAMTEX.kim406.2004.edi,0.8773937275472861,False
"Kimberley, South Africa",SAMTEX.kim013.2003-2006.edi,0.8810768541403913,False
"NE Namibia, Africa",SAMTEX.NEN018.2006.edi,0.8843520361236041,False
"Otjiwarongo, Namibia, Africa",SAMTEX.ELG003A.2008.edi,0.893214925966183,False
"Orapa, Botswana, Africa",SAMTEX.sso101.2005.edi,0.8958211302355275,False
"Northern Namibia, Africa",SAMTEX.RAK004A.2008.edi,0.9088747976801596,False
"NE Namibia, Africa",SAMTEX.CPV011.2006.edi,0.9127853588634698,False
"Hardap Region, Namibia, Africa",SAMTEX.GIB011A.2008.edi,0.9246642572565272,False
"NE Namibia, Africa",SAMTEX.CPV021.2006.edi,0.9275800248164012,False
"Southern Botswana, Africa",SAMTEX.rtz212.2005.edi,0.929118812307252,False
"Otjiwarongo, Namibia, Africa",SAMTEX.ELG009A.2008.edi,0.9409471879749602,False
"Otjiwarongo, Namibia, Africa",SAMTEX.ELG005A.2008.edi,0.9454430895930551,False
"Southern Botswana, Africa",SAMTEX.rtz203.2005.edi,0.9543920779509815,False
"NE Namibia, Africa",SAMTEX.NEN119.2006.edi,0.9589420239600732,False
"Botswana, Africa",SAMTEX.bot402.2005.edi,0.9592998239001816,False
"Hardap Region, Namibia, Africa",SAMTEX.GIB009A.true.2008.edi,0.9709686594120632,False
South Africa,SAMTEX.kap052.2003.edi,0.9715468154848271,False
"Namibia, Africa",SAMTEX.dmb025.2006.edi,0.9774183569647011,False
"NE Namibia, Africa",SAMTEX.NEN004.2006.edi,0.989737913263022,False
"Barotse Basin, Western Province, Zambia",PRIDE.ZAM36B_RH_ZAM37B.2011-2012.edi,1.0007760426135406,False
"Northern Namibia, Africa",SAMTEX.RAK003A.2008.edi,1.021378152922202,False
"NE Namibia, Africa",SAMTEX.NEN007.2006.edi,1.0236591499814487,False
"Mokopane, South Africa",SAMTEX.LIM001A.2008.edi,1.0306751486558174,False
"Botswana, Africa",SAMTEX.bot209.2005.edi,1.0316387313105282,False
"Kasane, Zimbabwe, Africa",SAMTEX.ELZ002A.2008.edi,1.0370784356001075,False
"Hardap Region, Namibia, Africa",SAMTEX.GIB016A.2008.edi,1.040461291710273,False
"Orapa, Botswana, Africa",SAMTEX.sso116.2005.edi,1.0465253899631648,False
"Southern Botswana, Africa",SAMTEX.rtz209.2005.edi,1.052577377846801,False
"NE Namibia, Africa",SAMTEX.NEN009.2006.edi,1.0613352257130386,False
"Windhoek, Namibia, Africa",SAMTEX.win036.2006.edi,1.063865224628189,False
"Otjiwarongo, Namibia, Africa",SAMTEX.ELG011A.2008.edi,1.0722245403140933,False
"NE Namibia, Africa",SAMTEX.NEN014.2006.edi,1.0748659154381845,False
"Kasane, Zimbabwe, Africa",SAMTEX.ELZ201A.2008.edi,1.0827400958139928,False
"Tzaneen, South Africa",SAMTEX.LOW009A_auto.tru.2008.edi,1.0848254935404982,False
"Otjiwarongo, Namibia, Africa",SAMTEX.ELG002A.2008.edi,1.0956889376580954,False
South Africa,SAMTEX.kap040.2003.edi,1.0969432013401672,False
"Tzaneen, South Africa",SAMTEX.LOW001A_auto.tru.2008.edi,1.1045093520971139,False
"Namibia, Africa",SAMTEX.ETO025A.2008.edi,1.1074114364190901,False
"Klerksdorp, South Africa",SAMTEX.witb25.2004.edi,1.1184724157468342,False
"Mokopane, South Africa",SAMTEX.LIM003A.2008.edi,1.1309912615985518,False
South Africa,SAMTEX.kap070.2003.edi,1.1323154649824356,False
South Africa,SAMTEX.kap032.2003.edi,1.1359443371089768,False
South Africa,SAMTEX.kap064.2003.edi,1.1533819317605203,False
"Barotse Basin, Western Province, Zambia",PRIDE.ZAM23B_RH_ZAM24B.2011-2012.edi,1.1544146209921184,False
"NE Namibia, Africa",SAMTEX.NEN008.2006.edi,1.167326484236747,False
"Okavango Lake, Botswana, Africa",SAMTEX.oka013.2006.edi,1.190692011536271,False
"Otjiwarongo, Namibia, Africa",SAMTEX.ELG004B.2008.edi,1.19669507741357,False
"Southern Botswana, Africa",SAMTEX.rtz213.2005.edi,1.2140781408957528,False
"Okavango Lake, Botswana, Africa",SAMTEX.oka014.2006.edi,1.217755522542014,False
"Tzaneen, South Africa",SAMTEX.LOW010A_auto.tru.2008.edi,1.2279230041131834,False
"Barotse Basin, Western Province, Zambia",PRIDE.ZAM015A_RH_ZAM01.2011-2012.edi,1.2290271732582545,False
"Klerksdorp, South Africa",SAMTEX.witb27.2004.edi,1.231274603601377,False
"Klerksdorp, South Africa",SAMTEX.witb21.2004.edi,1.2406328231231623,False
"Namibia, Africa",SAMTEX.ETO008A.2008.edi,1.2429048637518647,False
South Africa,SAMTEX.kap047.2003.edi,1.244339692953808,False
"Northern Namibia, Africa",SAMTEX.RAK006A.2008.edi,1.3158080060586044,False
South Africa,SAMTEX.kap031.2003.edi,1.3209416437235653,False
"Otjiwarongo, Namibia, Africa",SAMTEX.ELG012B.2008.edi,1.3300659623385718,False
"Windhoek, Namibia, Africa",SAMTEX.win040.2006.edi,1.3450942220775162,False
South Africa,SAMTEX.kap048.2003.edi,1.3491768525851469,False
"Windhoek, Namibia, Africa",SAMTEX.win029.2006.edi,1.375235926655827,False
"Botswana, Africa",SAMTEX.bot210.2005.edi,1.417310359818764,False
"Tshane, Botswana, Africa",SAMTEX.rtz421.2005.edi,1.4324926965408138,False
"Klerksdorp, South Africa",SAMTEX.wita24.2004.edi,1.433016220155624,False
"Kasane, Zimbabwe, Africa",SAMTEX.ELZ001A.2008.edi,1.4332382903957668,False
South Africa,SAMTEX.kap066.2003.edi,1.4506899889020095,False
"Namibia, Africa",SAMTEX.ETO021A.2008.edi,1.484159572989091,False
"Kasane, Zimbabwe, Africa",SAMTEX.ELZ555A.2008.edi,1.4876363261658268,False
"Botswana, Africa",SAMTEX.bot202.2005.edi,1.5092014337374478,False
"Mokopane, South Africa",SAMTEX.LIM004A.2008.edi,1.5178116755418032,False
"Barotse Basin, Western Province, Zambia",PRIDE.ZAMC65L2.2011-2012.edi,1.5325939955751278,False
"Windhoek, Namibia, Africa",SAMTEX.win041.2006.edi,1.5504296640924022,False
"Kasane, Zimbabwe, Africa",SAMTEX.ELZ191A.2008.edi,1.563145324059306,False
South Africa,SAMTEX.kap057.2003.edi,1.5864783905772906,False
"Botswana, Africa",SAMTEX.bot204.2005.edi,1.61845059438371,False
"NE Namibia, Africa",SAMTEX.CPV017.2006.edi,1.6298686274459446,False
"Otjiwarongo, Namibia, Africa",SAMTEX.ELG014A.2008.edi,1.6560824502182936,False
"Kalahari Game Reserve, Botswana, Africa",SAMTEX.kal004.2008.edi,1.6929494930740492,False
"Windhoek, Namibia, Africa",SAMTEX.win035.2006.edi,1.7184845870176324,False
"Namibia, Africa",SAMTEX.ETO026A.2008.edi,1.7598636325057335,False
"Namibia, Africa",SAMTEX.dmb012.2006.edi,1.7721865459361348,False
"Hardap Region, Namibia, Africa",SAMTEX.GIB005B.2008.edi,1.7740119250292308,False
"Namibia, Africa",SAMTEX.ETO015A.2008.edi,1.8049590003523677,False
South Africa,SAMTEX.kap051.2003.edi,1.8532059493381603,False
"Northern Namibia, Africa",SAMTEX.RAK001A.2008.edi,1.8988347176206009,False
"Otjiwarongo, Namibia, Africa",SAMTEX.ELG008A.2008.edi,1.9079892859164191,False
"Northern Namibia, Africa",SAMTEX.RAK010A.2008.edi,1.9228913663753266,False
"Barotse Basin, Western Province, Zambia",PRIDE.ZAM018A_RH_ZAM01.2011-2012.edi,1.9461558209196788,False
"Botswana, Africa",SAMTEX.bot405.2005.edi,1.9630013460452085,False
"NE Namibia, Africa",SAMTEX.CPV018.2006.edi,1.9679853000949084,False
"Botswana, Africa",SAMTEX.bot208.2005.edi,2.0248154124993305,False
South Africa,SAMTEX.kap046.2003.edi,2.253958253302988,False
South Africa,SAMTEX.kap065.2003.edi,2.286247960038042,False
"Klerksdorp, South Africa",SAMTEX.witb26.2004.edi,2.3032915701569965,False
"NE Namibia, Africa",SAMTEX.CPV010.2006.edi,2.3361112664523604,False
"Klerksdorp, South Africa",SAMTEX.wita25.2004.edi,2.382618873251338,False
"Klerksdorp, South Africa",SAMTEX.witb12.2004.edi,2.424474148733374,False
"Windhoek, Namibia, Africa",SAMTEX.win026.2006.edi,2.4409439563760187,False
"Botswana, Africa",SAMTEX.mof124.2005.edi,2.442237504004602,False
"Namibia, Africa",SAMTEX.ETO017A.2008.edi,2.595217903774118,False
"Barotse Basin, Western Province, Zambia",PRIDE.ZAM004A_RH_ZAM00.2011-2012.edi,2.6303277846649613,False
South Africa,SAMTEX.kap049.2003.edi,2.702008869052612,False
"Kimberley, South Africa",SAMTEX.kim401.2004.edi,2.746961175911704,False
"Kimberley, South Africa",SAMTEX.kim018_H.2003-2006.edi,2.8012942141804844,False
"NE Namibia, Africa",SAMTEX.CPV014.2006.edi,2.816616196162404,False
"Okavango Lake, Botswana, Africa",SAMTEX.oka012.2006.edi,2.850823433135245,False
"Namibia, Africa",SAMTEX.ETO023A.2008.edi,2.8996880230339683,False
"Kimberley, South Africa",SAMTEX.kim402.2004.edi,3.0104194668370927,False
"Botswana, Africa",SAMTEX.bot203.2005.edi,3.0155125933541127,False
"Namibia, Africa",SAMTEX.ETO020A.2008.edi,3.044970290412196,False
"Klerksdorp, South Africa",SAMTEX.wita27.2004.edi,3.0477573158709044,False
"Klerksdorp, South Africa",SAMTEX.witb23.2004.edi,3.191242858707952,False
"Barotse Basin, Western Province, Zambia",PRIDE.ZAM006A_RH_ZAM00.2011-2012.edi,3.54573199640178,False
"Otjiwarongo, Namibia, Africa",SAMTEX.ELG010A.2008.edi,3.547595306850561,False
"NE Namibia, Africa",SAMTEX.NEN013.2006.edi,3.9510108724856137,False
"Kimberley, South Africa",SAMTEX.kim004_L.2003-2006.edi,4.669127081426278,False
"Namibia, Africa",SAMTEX.ETO009A.2008.edi,5.0302465321779986,False
"Klerksdorp, South Africa",SAMTEX.wita23.2004.edi,5.1854575636346345,False
"Botswana, Africa",SAMTEX.bot207.2005.edi,5.606362752048871,False
"Kimberley, South Africa",SAMTEX.kim005.2003-2006.edi,5.889848377926699,False
South Africa,SAMTEX.kap056.2003.edi,6.9629431225642815,False
"Namibia, Africa",SAMTEX.dmb013.2006.edi,7.372135335754938,False
"Botswana, Africa",SAMTEX.bot417.2005.edi,8.105418611250649,False
"Botswana, Africa",SAMTEX.bot201.2005.edi,8.34227145939721,False
"Windhoek, Namibia, Africa",SAMTEX.win042.2006.edi,9.57728431083784,False
"Kimberley, South Africa",SAMTEX.kim441.2004.edi,15.328404714762494,False
"Zimbabwe, Africa",SAMTEX.zim115.2005.edi,18.312266623149817,False
"Botswana, Africa",SAMTEX.bot403.2005.edi,22.42540286352981,False
South Africa,SAMTEX.kap036.2003.edi,51.99808791454822,False
"Southern Botswana, Africa",SAMTEX.rtz208.2005.edi,53.97010636869848,False
"Kimberley, South Africa",SAMTEX.kim440.2004.edi,72.44076625236264,False
"Tzaneen, South Africa",SAMTEX.LOW012A_auto.tru.2008.edi,78.4519462243246,False
"Barotse Basin, Western Province, Zambia",PRIDE.ZAM12B_RH_ZAM13B.2011-2012.edi,120.69913773142848,False
